病因病机,病因病机
辨证要点,证候特征
临床表现,临床表现
治法,治法
方剂,常用方剂
常用中药,常用中药
常见病,常见病证
预防调护,预防调护
常见证型,常见证型
心阳虚证,常见证型
脾阳虚证,常见证型
肾阳虚证,常见证型
转归预后,转归预后
症情分析,证候特征
转归,转归预后
简介,概述
上焦病证,常见证型
中焦病证,常见证型
下焦病证,常见证型
简史,概述
证候特征,证候特征
上焦温热,常见证型
上焦湿热,常见证型
中焦温热,常见证型
中焦湿热,常见证型
下焦温热,常见证型
下焦湿热,常见证型
证候关系,证候关系
少阳证,常见证型
治法方药,治法方药
常用方剂,常用方剂
病因,病因病机
病机,病因病机
常用腧穴,常用腧穴
定义,概述
症状,临床表现
所致疾病及治疗,常见病证
感受外邪,病因
饮食不节,病因
情志因素,病因
针灸治疗,治疗
血分实热证,常见证型
血分虚热证,常见证型
证候分析,证候特征
辩证要点,证候特征
针灸疗法,治疗
风温表证,常见证型
暑温表证,常见证型
湿温表证,常见证型
秋燥表证,常见证型
风寒表证,常见证型
机理分析,病因病机
鉴别,鉴别诊断
检查,检查
预防,预防调护
配伍治疗,治疗
阳明经证,常见证型
阳明腑证,常见证型
太阳蓄血证,常见证型
阳明蓄血证,常见证型
预防与调护,预防调护
概述,概述
症候分析,证候特征
虚寒证,常见证型
实寒证,常见证型
热盛伤津证,常见证型
预防调摄,预防调护
血虚风燥证 湿疮,常见病证
血虚风燥证 牛皮廯,常见病证
血虚风燥证 瘾疹,常见病证
血虚风燥证 白疕,常见病证
气逆证,常见证型
主症,临床表现
分析,证候特征
辨证施治,治疗
常见病证,常见病证
气阴两虚证 肺癌,常见病证
气阴两虚证 胸痹,常见病证
审证要点,证候特征
鉴别诊断,鉴别诊断
治疗要点,治疗
饮食疗法,治疗
肝胃不和型 胃痛,常见病证
肝胃不和型 痞满,常见病证
肝胃不和型 呕吐,常见病证
肝胃不和型 呃逆,常见病证
常见病症,常见病证
肝郁脾虚型泄泻,常见病证
肝郁脾虚型厌食症,常见病证
施治要点,治法
辩证施治,治疗
其他疗法,其他疗法
治疗药物,常用中药
中医方介绍,常用方剂
出现原因,病因
肾气不固证 遗精,常见病证
肾气不固证 崩漏,常见病证
肾气不固证 遗尿,常见病证
肝阳化风,常见证型
热极生风,常见证型
阴虚动风证,常见证型
血虚生风,常见证型
湿重于热证,常见证型
热重于湿证,常见证型
肝气郁结证的临床表现,临床表现
肝气郁结证的治疗,治疗
肝经湿热证 阴痒,常见病证
肝经湿热证 带下过多,常见病证
预防调护：,预防调护
预防保健,预防调护
预防与调摄,预防调护
证因,病因病机
病机分析,病因病机
表现,临床表现
辨证,证候特征
方药,常用方药
脾胃阴虚证 小儿厌食症,常见病证
脾胃阴虚证 虚劳,常见病证
[证候表现],临床表现
[证候分析],证候特征
[辨证要点],证候特征
证型分析,证候特征
常用 方剂,常用方药
调护,预防调护
心血瘀阻证,常见证型
气滞心胸证,常见证型
痰浊闭阻证,常见证型
寒凝心脉证,常见证型
预防护理,预防调护
饮食调护,饮食调护
治疗,治疗
大肠湿热食疗方,饮食调护
痰热内扰证,常见证型
痰热内扰证-症状,临床表现
痰热内扰证-治法,治法
痰热内扰证-选方,常用方药
瘟毒下注证 尖锐湿疣,常见病证
瘟毒下注证 子痈,常见病证
余毒未清证 窦道,常见病证
余毒未清证 发颐,常见病证
余毒未清证 乳漏,常见病证
风火热毒证 突起睛高,常见病证
风火热毒证 赤游丹,常见病证
温燥(外燥),病因
凉燥(外燥),病因
内燥,病因
湿热壅滞证 腹痛,常见病证
湿热壅滞证 有头疽,常见病证
摘要,概述
发病经过与症候表现,临床表现
病因的模拟,病因
关于症候模拟,暂不存储
基本释义,概述
疾病相关,暂不存储
产生原因,病因
寒湿病症解析,概述
驱寒湿的方法,治疗
方法一,暂不存储
方法二,暂不存储
方法三,暂不存储
方法四,暂不存储
历代论述,历代论述
性质特点,证候特征
外风证,常见证型
风寒证,常见证型
风热证,常见证型
风湿证,常见证型
内风证,常见证型
预后转归,转归预后
介绍,概述
摘录,概述
分类,暂不存储
真寒假热,常见证型
真热假寒,常见证型
注意事项,注意事项
家庭治疗措施,家庭治疗措施
1、太阳神经丛：,暂不存储
2、胃：,暂不存储
3、肾上腺：,暂不存储
4、胰脏：,暂不存储
5、十二指肠：,暂不存储
6、肝胆：,暂不存储
7、胸部淋巴腺：,暂不存储
8、上身淋巴腺：,暂不存储
辩证,证候特征
中医中药治疗,治疗
同治脾胃虚寒症,暂不存储
香砂六君子汤证,暂不存储
理中汤症,暂不存储
小建中汤证,暂不存储
表寒重里热轻,临床表现
表寒轻里热重,临床表现
表寒里热同重,临床表现
寒滞经脉证,常见证型
寒滞胃脘证（胃寒证）,常见证型
寒滞肝脉证,常见证型
热毒伤阴证 脱疽,常见病证
热毒伤阴证 肠痈,常见病证
饮食调理,饮食调护
理论体系,暂不存储
太阳病证治,暂不存储
病理机制,病理机制
治则方药,治法
阳明病证治,常见证型
少阳病证治,常见证型
太阴病证治,常见证型
厥阴病证治,常见证型
少阴病证治,常见证型
合病、并病,证候关系
六经的个人理解：,暂不存储
外感病因辨证,病因病机
风淫证候,病因病机
寒淫证候,病因病机
湿淫证候,病因病机
燥淫证候,病因病机
外感火热病邪引起的证候,病因病机
情志内伤辨证,病因病机
劳伤证候：,病因病机
食积证候：,病因病机
虫积证候：,病因病机
外伤证候：,病因病机
阴阳虚损辩证,病因病机
阳虚证,常见证型
阴虚证,常见证型
亡阳证,常见证型
亡阴证,常见证型
依据,暂不存储
区别,暂不存储
详解,暂不存储
解读,暂不存储
中医应用,暂不存储
与辨证的关系,暂不存储
历史沿革,暂不存储
基本信息,暂不存储
八纲的关系,暂不存储
作用,暂不存储
运用,暂不存储
表里,暂不存储
寒热,暂不存储
虚实,暂不存储
阴阳,暂不存储
综合,暂不存储
六经辩证,暂不存储
应用,暂不存储
一、阴阳是辨证的纲领,暂不存储
二、阴阳有具体的辨证内容,暂不存储
八纲辨证简介,暂不存储
表证,常见证候
里证,常见证候
半表半里证,常见证候
表里同病,常见证候
寒证,常见证候
热证,常见证候
实热与虚热,常见证候
寒热真假,常见证候
虚证,常见证候
实证,常见证候
虚实夹杂证,常见证候
阴证,常见证候
阳证,常见证候
亡阴与亡阳,常见证候
亡阴亡阳鉴别,鉴别诊断
相兼关系,暂不存储
夹杂关系,暂不存储
转化关系,暂不存储
