性健康,44905
月经不调,44473
艾滋病,41823
失眠,38025
避孕,36144
急性喉炎,35746
尖锐湿疣,31998
胃炎,31504
鼻炎,31411
糖尿病,30022
扁桃体炎,27206
近视,24403
过敏性鼻炎,24208
人流,23312
头晕,23151
性与性障碍,22558
尿道炎,22143
宫颈糜烂,22088
胃病,22074
感冒,21913
鼻出血,21817
视力,21185
虚证,21039
白癜风,21002
不孕不育,20894
慢性咽炎,20110
泌尿道感染,20079
龋齿,19509
发热,19146
耳鸣,18425
咽炎,18411
肾虚,18188
痤疮,17477
乳房疾病,17153
乳腺增生,16917
肺癌,16783
抑郁症,16673
便秘,16597
内热,16431
胃肠胀气,16255
梅毒,15939
乳头炎,15826
痔疮,15346
烧伤,15172
阿弗他口腔炎,14902
甲亢,14181
外阴阴道炎,13760
狂犬病,13678
鼻窦炎,13599
乳腺癌,13316
阴道炎,13237
腹泻,12895
心脏病,12307
胆结石,12142
嗳气症,12035
针灸,11639
生殖器疱疹,11434
皮肤过敏,11194
肠胃炎,10912
HIV感染,10509
中耳炎,10327
恶心与呕吐,10115
牙龈炎,9874
耳聋,9821
妇科炎症,9620
不孕症,9373
尿路感染,9368
人流后妇科病,9308
性病,9194
肠炎,9017
肝硬化,8839
头皮损伤,8757
子宫肌瘤,8720
卵巢囊肿,8694
脑梗死,8623
骨折,8451
关节炎,8254
痛经,8199
腹痛,8155
慢性腰背痛,8138
胆固醇,8127
胆囊炎,8111
消化不良,8040
妇科病,8018
呕吐,7898
佝偻病和软骨病,7822
湿疹,7821
结石病,7733
口臭,7563
脂肪肝,7448
骨质增生,7354
腰椎间盘突出,7300
生长障碍,7300
霉菌性阴道炎,7164
脱发,7159
磨牙症,7005
反胃,6990
子宫颈炎症,6974
慢性胃炎,6922
颈椎病,6893
脑出血,6885
婴幼儿,6850
牛皮癣,6793
黄疸,6671
多囊卵巢综合征,6443
精神分裂症,6425
乳头瘤病毒(HPV),6303
哺乳,6253
盆腔炎,6212
淋病,6172
隆胸,6001
更年期综合征,5990
散光,5934
破伤风,5890
鼻息肉,5738
静脉曲张,5707
先天性心脏病,5637
包皮,5566
胎记,5443
内分泌疾病,5246
大头,5026
精索静脉曲张,4767
犬咬伤,4707
胃癌,4616
慢性鼻炎,4601
痛风,4588
咳嗽,4502
细菌感染,4326
下消化道出血,4325
白内障,4278
流行性腮腺炎,4242
急性脊髓炎,4224
麻疹,4207
脓肿,4205
解脲支原体感染,4102
男性不育症,4067
胃溃疡,4013
干燥综合征,3981
结膜炎,3980
胆囊息肉,3944
结扎,3901
应激性溃疡,3871
阳虚,3859
脑血栓形成,3839
剖腹产,3792
病毒性疱疹,3787
流泪症,3778
中风,3653
肝血管瘤,3630
虫咬皮炎,3620
智齿冠周炎,3619
强迫症,3594
乳腺纤维瘤,3555
多汗症,3552
代孕,3538
性欲亢进,3435
结核病,3423
脾虚泄泻,3383
恐惧症,3337
节育,3308
纵隔炎,3270
口腔修复,3226
鼓膜穿孔,3163
红斑狼疮,3129
皮肤病,3119
直肠癌,3101
肥胖症,3086
焦虑症,3079
肺气肿,3048
血脂异常,3010
斜视,2975
蛛网膜下腔出血,2886
外阴炎,2872
皮炎,2858
沙眼,2857
风湿病,2843
电视眼病,2843
鼻中隔偏曲,2827
荨麻疹,2798
蜂蜇伤,2795
滴虫病,2770
肉瘤,2732
小阴唇粘连,2720
干眼症,2716
类风湿关节炎,2686
胆囊切除术后综合征,2638
性冷淡,2582
阑尾炎,2578
幽门螺杆菌感染,2569
慢性疲劳综合征,2564
腺样体肥大,2554
耵聍栓塞,2553
瘙痒症,2549
脑积水,2545
腱鞘炎,2534
神经性耳鸣,2522
结肠癌,2512
染色体异常,2511
龟头包皮炎,2504
股骨头坏死,2482
吞咽困难,2460
粉刺,2456
白发,2441
胆囊结石,2428
头痛,2381
内分泌失调,2370
闭经,2362
乳腺炎,2343
声带息肉,2329
针眼,2328
甲状腺结节,2319
狐臭,2291
睑腺炎,2260
弱视,2228
癫痫,2226
疝气,2223
胰腺癌,2179
早泄,2178
胸腔积液,2172
高泌乳素血症,2164
风寒感冒,2162
黄体功能不足,2157
慢性胆囊炎,2047
脑震荡,2007
早搏,2006
甲状腺功能减退症,1991
麦粒肿,1981
角膜炎,1981
血尿疾病,1968
心律失常,1957
视网膜疾病,1957
低血糖症,1946
椎间盘突出,1936
青光眼,1935
外阴白斑,1931
错牙合畸形,1904
皮肤干燥,1892
宫颈炎,1884
胃酸返流,1884
晕动病,1879
胰腺炎,1873
胆汁反流性食管炎,1866
慢性肝炎,1846
脑膜瘤,1814
玻璃体浑浊,1811
牙周炎,1805
眼袋,1796
高血压,1795
口吃,1793
外耳道炎,1790
药物不良反应,1788
气胸,1757
结肠炎,1754
强直性脊柱炎,1729
胆汁反流性胃炎,1719
肛裂,1718
面部除皱,1714
基底动脉尖综合征,1698
心肌梗死,1668
中暑,1639
结核性胸膜炎,1628
红斑症,1596
药物过敏,1588
食疗,1582
巨细胞病毒感染,1569
小儿感冒,1554
创伤,1544
脑膜炎,1538
宿醉,1529
附件炎,1526
女性不孕,1509
流产,1507
念珠菌病,1487
早期妊娠,1486
肝内胆管结石,1470
猫叫综合征,1470
视神经萎缩,1438
声带小结,1433
高血脂,1420
急性咽炎,1411
病毒性脑炎,1402
厌食症,1401
子宫内膜炎,1393
哮喘,1382
小阴茎,1382
室间隔缺损,1378
脑血管痉挛,1376
红眼病,1375
下肢静脉曲张,1375
膝关节半月板损伤,1375
带状疱疹,1373
疔疮,1362
小阴唇肥大,1349
鸡眼,1345
生长激素缺乏症,1343
角膜病,1335
登革热,1330
休克,1329
禽流感,1324
中毒,1320
乙肝,1307
灰指甲,1306
瘢痕,1300
毛囊炎,1289
口疮,1274
化妆品皮炎,1270
内痔,1268
肺结核,1258
鹅口疮,1239
慢性鼻窦炎,1234
过敏性紫癜,1234
滴虫性阴道炎,1223
肝囊肿,1216
寄生虫病,1214
肾结石,1203
肩周炎,1202
银屑病,1201
子宫腺肌病,1185
乳头内陷,1176
脱水,1158
绝经,1155
子宫内膜异位症,1148
膀胱炎,1142
肝腹水,1134
听神经瘤,1127
卵巢早衰,1127
痢疾,1121
输尿管结石,1113
颅内出血,1096
射精功能障碍,1094
流行性乙型脑炎,1092
急性胰腺炎,1089
痱子,1087
萎缩性鼻炎,1082
晒斑,1070
前列腺炎,1070
结节病,1068
蛔虫病,1067
体虚感冒,1062
胸膜炎,1057
脑外伤,1052
风热感冒,1044
阴茎龟头炎,1036
动脉瘤,1036
骨关节炎,1035
斑秃,1030
慢性宫颈炎,1026
斜颈,1018
湿热病,1015
性早熟,1013
非淋菌性尿道炎,1013
细菌性阴道病,1008
垂体瘤,1000
食物中毒,985
神经纤维瘤,982
自杀行为,978
慢性盆腔炎,977
乙类传染病,973
肛瘘,973
甲状腺炎,971
精神障碍,968
慢性扁桃体炎,962
尿失禁,958
食道炎,952
四环素牙,949
骨质疏松,949
脑梗,948
扁平疣,944
冻疮,936
冻伤,934
功能性烧心,927
喘病,919
肝硬化腹水,917
胆囊癌,914
房间隔缺损,913
脑肿瘤,912
血栓闭塞性脉管炎,912
毛周角化病,905
软组织损伤,903
小儿腹泻,893
胃下垂,878
记忆障碍,870
过敏性结膜炎,869
膀胱癌,862
飞蚊症,857
椎管狭窄,854
直肠炎,843
营养不良,838
手足口病,836
碱中毒,830
性欲低下,825
血栓性静脉炎,822
产后风,820
淋巴腺炎,814
急性胃炎,808
肠梗阻,805
纵隔肿瘤,804
髌骨骨折,802
三叉神经痛,800
淋巴癌,795
疱疹性咽峡炎,793
鞘膜积液,791
风湿性关节炎,791
脂溢性皮炎,786
自闭症,782
视网膜色素变性,778
黄斑变性,774
肺炎,773
维生素缺乏,772
功能性子宫出血,772
Graves病,772
声带麻痹,769
慢性结膜炎,769
肋骨骨折,757
消化道出血,756
冲动控制障碍,750
新生儿黄疸,747
疥疮,744
艾灸,742
口炎,740
肝炎,740
神经性皮炎,739
天花,733
深静脉血栓,716
滑膜炎,713
2型糖尿病,711
牙髓炎,710
眼球突出,703
溃疡性结肠炎,702
输精管堵塞,702
主动脉瓣狭窄,699
虹膜睫状体炎,698
唇裂,695
痴呆,693
唇炎,685
死精子症,684
急性鼻炎,684
慢性萎缩性胃炎,683
急性扁桃体炎,682
早产儿,672
单纯疱疹,663
产褥期抑郁症,660
视网膜脱离,657
抽搐,657
甲病,652
皮肤瘙痒症,644
鱼鳞病,642
乳腺囊肿,639
脑损伤,637
分泌性中耳炎,637
胆管癌,635
慢性中耳炎,635
触电,633
电击,627
血管炎,625
铅中毒,618
食管炎,618
痣,610
水痘,603
水肿疾病,603
大便失禁,601
动脉导管未闭,600
视神经炎,599
血吸虫病,599
颌下腺炎,594
贫血,594
支气管炎,592
茎突过长综合征,590
怀孕与妊娠病,590
手癣和足癣,587
异烟肼中毒,587
脑动脉瘤,586
肝纤维化,585
外痔,571
舌癌,570
下肢深静脉血栓,569
主动脉夹层,566
胎毒,564
角膜溃疡,563
咬伤及咬伤感染,560
保健,559
伤寒,556
胶质瘤,555
高眼压症,553
颅骨骨折,552
肾病,551
急性中耳炎,549
骨髓炎,545
蜈蚣咬伤,544
病毒性心肌炎,544
病毒性肝炎,543
乳癖,543
脊髓损伤,541
甲状腺良性肿瘤,538
葡萄膜炎,537
十二指肠炎,536
乳房过小,529
会厌囊肿,523
鹅掌风,522
碘中毒,521
真菌性皮肤病,520
上消化道出血,520
毒瘾,519
脂溢性脱发,518
输卵管积水,510
分娩,509
遗尿症,507
慢性腹泻,507
小儿流涎症,505
血管瘤,505
结肠息肉,504
胃寒呕吐,504
髋关节骨关节炎,503
眼内炎,502
结核性脑膜炎,500
新生儿肺炎,499
自然流产,498
抽动症,495
外科感染,494
眩晕,493
急性胆囊炎,491
青少年驼背,489
霰粒肿,488
慢性阑尾炎,486
屈光不正,485
低温,484
肺动脉狭窄,479
肺大泡,476
前列腺增生症,471
鼻骨骨折,470
胃息肉,467
21.三体综合征,466
肝病,463
一期梅毒,463
电冰箱食物中毒,463
智能障碍,461
月劳病,461
慢性化脓性中耳炎,460
新生儿窒息,459
脑疝,457
神经衰弱,457
咬指甲,454
先天性耳前瘘管,453
过敏反应,453
幼儿急疹,452
腭裂,451
房室传导阻滞,451
两性畸形,448
链球菌感染,448
心脏神经官能症,447
残胃癌,446
远视,442
子宫内膜癌,440
EB病毒,438
冠心病,436
膀胱肿瘤,435
代谢综合征,435
躁狂症,435
急性阑尾炎,433
糖尿病肾病,433
鸡胸,433
慢性荨麻疹,432
肛门瘙痒,431
新生儿溶血病,426
尿道结石,420
急性乳腺炎,420
病毒性角膜炎,419
自发性气胸,419
疖,418
神经痛,415
心绞痛,414
口腔癌,413
直肠息肉,412
上睑下垂,411
子宫内膜息肉,409
高尿酸血症,407
脑栓塞,404
过期妊娠,404
癌症,403
玫瑰糠疹,400
甲沟炎,399
糖尿病足,397
肝癌,397
跟骨骨折,393
内伤发热,393
脊柱裂,392
阿司匹林中毒,391
肝性脑病,390
乳腺囊性增生症,389
脑挫裂伤,386
低血压,386
半月痕,385
脐带异常,384
尿布皮炎,383
踝扭伤,381
鼾症,380
淋巴水肿,376
结膜病,375
尿道下裂,374
宫腔粘连,373
皮脂腺囊肿,372
混合痔,367
低钾血症,367
女性尖锐湿疣,363
倒睫,363
脱肛,361
跟痛症,361
食物过敏,360
副乳,359
胸腺瘤,357
先天性耳聋,357
肛门尖锐湿疣,357
胰腺肿瘤,354
食管癌,354
电脑病,351
小儿肿瘤,351
男性尖锐湿疣,350
结节性甲状腺肿,349
地图舌,349
干燥性鼻炎,348
阳痿,348
小儿肺炎,347
人格障碍,347
神经症,346
脊柱骨折,346
酒精中毒,346
黄斑裂孔,341
癔症,340
烟雾病,336
肝胆湿热,335
无精子症,335
宫外孕,334
翼状胬肉,334
贲门癌,333
轮状病毒肠炎,330
幻肢痛,329
体癣和股癣,328
系统性红斑狼疮,328
中枢神经系统感染,326
脊髓空洞症,325
虱病,324
眼球震颤,323
慢性胰腺炎,323
漏斗胸,321
儿童学习障碍,320
肠癌,317
颅咽管瘤,316
黄瘤病,316
慢性喉炎,315
二期梅毒,315
胫腓骨骨折,315
病毒性脑膜脑炎,314
软骨瘤,310
急性鼻窦炎,309
急性腰扭伤,308
鼠疫,306
子宫息肉,306
腔隙性脑梗死,305
潮热,304
退休丈夫综合征,304
膀胱结石,303
咽部异物,303
溢奶,302
鼻咽癌,302
甲状腺腺瘤,301
肠易激综合征,301
羊水栓塞,300
猩红热,298
结核性腹膜炎,297
肉毒中毒,297
多毛症,296
根尖囊肿,296
色素痣,292
原位癌,290
母乳性黄疸,288
大动脉炎,285
筋膜炎,284
药物中毒,277
褥疮,275
出血热,275
厌氧菌感染,274
上呼吸道感染,273
腹主动脉瘤,273
圆锥角膜,273
肿瘤,272
宫颈癌,270
甲状腺乳头状癌,269
锁骨骨折,269
眼外伤,268
子宫内膜增生,267
多发性硬化,267
动静脉瘘,266
慢性淋巴结炎,266
高钙血症,265
洁癖症,265
下颌角肥大,264
甲状旁腺疾病,263
鼻渊,263
偏执性精神障碍,262
食管裂孔疝,259
纤维瘤,258
前列腺结石,255
肠息肉,253
舌下腺囊肿,253
大动脉异位,252
癣,251
药物性肝损伤,251
肉芽肿,250
面瘫,248
贪食症,248
肋软骨炎,246
髓母细胞瘤,246
子宫脱垂,246
丝虫病,246
肝胆管结石,245
手机上网综合症,245
化脓性脑膜炎,245
子宫发育异常,241
肾病综合征,241
妄想性疾病,239
免疫缺陷疾病,239
小儿湿疹,239
胆管炎,238
股骨颈骨折,238
松果体瘤,238
睡眠障碍,237
一氧化碳中毒,236
牙龈瘤,233
多指,230
脾脏肿大,229
乳头皲裂,226
尿路结石,226
磨损,225
急性筛窦炎,225
红细胞异常,225
腱鞘囊肿,224
急性肠系膜上动脉病,224
衣原体感染症,223
毛细血管扩张,223
喉癌,223
扁平苔藓,223
克罗恩病,221
花斑癣,221
1型糖尿病,218
并指,217
海绵状血管瘤,217
胃穿孔,216
招风耳,216
杯状耳,216
膈疝,215
亚急性甲状腺炎,215
先天性梅毒,214
心悸,214
慢性鼻咽炎,212
苯中毒,212
类癌,210
黄水疮,210
口腔扁平苔藓,209
股骨头骨折,209
秃发,209
震颤,208
肾炎,207
小儿肺气肿,207
肠套叠,206
早期乳腺癌,205
恐艾症,204
胡桃夹综合征,204
骨瘤,204
视网膜母细胞瘤,203
寻常疣,203
鲜红斑痣,202
疑病症,202
肺栓塞,202
口角炎,202
眼底病,200
脑干损伤,199
骨肿瘤,199
脊柱侧凸,199
口腔黏膜病,199
中风后遗症,199
颅内压增高,199
慢性湿疹,198
矫形骨科,198
丹毒,196
戊型病毒性肝炎,196
主动脉瓣关闭不全,195
心虚,195
急性盆腔炎,195
农药中毒,195
冠周炎,194
卵巢肿瘤,194
结缔组织病,194
会阴痛,191
荔枝病,189
脾破裂,189
细菌性前列腺炎,189
脑瘫,189
牙周病,189
颈椎间盘突出症,188
血小板功能异常,188
嗜睡症,187
白血病,187
疟疾,187
周期性麻痹,187
大血管错位,184
结节性红斑,184
遗传病,183
脚癣,182
扁桃体癌,182
心力衰竭,181
慢性唇炎,181
巩膜炎,181
纵隔子宫,180
瘢痕疙瘩,180
膝关节韧带损伤,179
阴吹,178
硬膜外血肿,178
脑囊虫病,178
胎动异常,177
肾结核,177
桥本甲状腺炎,176
小儿麻痹症,174
泌尿系结石,173
消化性溃疡,173
先天性巨结肠,172
腹股沟疝,172
季节性鼻炎,172
淀粉样变性,171
空调病,168
尿崩症,168
小儿支气管肺炎,165
恶性黑色素瘤,165
慢性膀胱炎,164
包皮过长,164
子宫发育不良,163
包虫病,163
多动综合征,163
脂肪瘤,162
牙龈癌,162
乳房湿疹,162
软下疳,161
百草枯中毒,161
脾肿大,161
网球肘,160
妊娠合并糖尿病,159
老年性阴道炎,158
先天性胆道闭锁,158
蛲虫病,158
赌博癖,158
跖疣,157
阴囊潮湿,157
门静脉血栓形成,157
锌缺乏症,157
单眼皮,156
肺热咳嗽,155
面神经炎,155
血小板减少,155
肝豆状核变性,155
肾积水,154
偏头痛,154
失血,153
前庭大腺囊肿,152
霍乱,152
电解质紊乱,152
支气管哮喘,151
肾肿瘤,151
绦虫病,149
梅尼埃病,149
鼻前庭炎,149
早产,148
双子宫,147
乳头状癌,144
硬皮病,143
太田痣,143
急性胃粘膜病变,142
卵巢性不孕,142
新生儿缺氧缺血性脑病,142
急性腹泻,141
细菌性痢疾,140
高催乳素血症,140
甲状腺癌,140
高胆红素血症,139
脑干肿瘤,138
骨囊肿,138
球结膜下出血,137
脐疝,136
屈光参差,136
丘疹性荨麻疹,136
淋巴瘤,135
酸烧伤,135
恋物癖,135
断指,135
接触性皮炎,134
神经质,134
失水,132
汞中毒,131
肺动脉瓣狭窄,131
心脾两虚,130
肌筋膜炎,130
小头畸形,130
裂纹舌,130
免疫性不孕,129
乳腺腺病,129
淋巴管炎,129
皮肌炎,128
面肌痉挛,128
呃逆,127
喉痉挛,127
神经梅毒,127
滑囊炎,127
乳头瘤,127
自身免疫性肝炎,126
乳溢症,126
汗疱疹,126
头癣,126
疣,125
肝癌晚期,125
泪腺炎,125
小三阳,124
痒疹,124
惊厥,124
念珠菌性阴道炎,124
外伤性白内障,123
皮肤松弛症,123
性欲降低,122
双相情感障碍,121
口周皮炎,121
布氏杆菌病,121
酸中毒,119
扁平足,119
网状青斑,119
痰饮,119
腹股沟斜疝,118
白驳风,118
肠结核,118
恶性高热,118
放射病,118
慢性前列腺炎,118
菠萝过敏症,117
白喉,117
儿童多动症,116
白细胞减少和粒细胞缺乏症,116
睑板腺囊肿,116
瘫痪,115
老年性白内障,115
急性会厌炎,115
功能性消化不良,115
气性坏疽,114
慢性单纯性鼻炎,114
耻骨炎,113
遗精,112
植物神经功能紊乱,112
肛乳头瘤,112
平滑肌瘤,112
驼峰鼻,112
慢性肥厚性鼻炎,112
室性心动过速,112
三期梅毒,112
胃潴留,111
直肠脱垂,111
腰肌劳损,111
坐骨神经痛,109
腮腺肿瘤,109
胆囊萎缩,109
鳞状细胞癌,109
幽门梗阻,109
流行性感冒,108
胎粪吸入综合征,108
大三阳,107
滑膜肉瘤,107
脾胃病,106
慢性泪囊炎,106
玻璃体出血,106
跖骨骨折,105
肝功能衰竭,105
髋关节脱位,104
多重人格,104
血管神经性水肿,104
葡萄球菌感染,103
重症肌无力,103
睑缘炎,103
白果中毒,103
黄体囊肿,103
手足皲裂,103
小耳畸形,102
眼球破裂,102
三伏贴,102
憩室病,102
慢性支气管炎,102
男性乳腺增生,102
腹膜炎,100
败血症,100
口蹄疫,100
反流食管炎,100
牙釉质发育不全,99
玻璃体后脱离,99
重症胰腺炎,98
药物性肝炎,98
老年人便秘,98
视网膜出血,98
巩膜病,98
输尿管肿瘤,98
视网膜静脉阻塞,98
正中神经损伤,97
口腔白斑病,97
扩张型心肌病,97
上颌窦癌,97
小儿贫血,97
中耳癌,96
先天性无阴道,96
丙肝,96
肾功能衰竭,96
糖尿病酮症酸中毒,96
血胸,96
天疱疮,96
胫骨平台骨折,94
晚期乳腺癌,94
脊髓血管畸形,94
预激综合征,94
腕管综合征,94
间歇性外斜视,93
鼻疖,92
寻常型牛皮癣,92
头风病,92
周围性面瘫,92
急性支气管炎,92
心肌炎,91
心包炎,90
新生儿败血症,89
鼓膜炎,88
酒齄鼻,88
风疹,87
脑炎,87
库欣综合征,87
风湿热,87
溺爱综合征,87
胸痹,86
腰腿痛,86
晕厥,86
金黄色葡萄球菌脑膜炎,85
躁狂抑郁症,85
肾癌,84
慢性肾炎,84
毒蛇咬伤,84
尿毒症,83
肛周湿疹,83
中性粒细胞增多,83
皮肤淀粉样变,83
化疗相关性呕吐,82
神经炎,82
颈动脉体瘤,82
失血性贫血,82
缺铁性贫血,81
视神经病变,81
口腔干燥综合征,81
氨茶碱中毒,81
女性青春期发育延迟,81
急性化脓性鼻窦炎,81
卵巢癌,81
舌咽神经痛,81
外阴湿疹,80
先天性青光眼,80
帕金森病,80
新生儿泪囊炎,80
无排卵性不孕症,80
糖尿病性视网膜病变,79
畸胎瘤,79
肾损伤,79
孢子丝菌病,78
黄褐斑,78
喉返神经麻痹,77
肱骨骨折,77
芽生菌病,77
血栓性外痔,77
阿米巴病,77
贲门失弛缓症,76
外阴尖锐湿疣,76
低钠血症,75
药疹,75
运动神经元病,75
肺痨,75
血精,74
双胎妊娠,74
婴幼儿腹泻,74
心身障碍,74
变应性鼻炎,74
脑性瘫痪,74
脐炎,74
恶性淋巴瘤,74
首次产前检查,74
隐匿阴茎,74
肌张力障碍,74
髌骨软化症,74
瘰疬,73
弓形体病,73
昏睡与昏迷,73
侏儒症,73
阴囊湿疹,72
前列腺癌,72
子宫颈癌,72
平滑肌肉瘤,71
脓胸,71
十二指肠憩室,71
壶腹周围癌,70
花柳病,70
骨巨细胞瘤,70
单角子宫,70
肥厚型心肌病,69
胃排空异常,69
夏季热,69
软骨发育不全,68
皮肤利什曼病,68
虚劳,68
膨胀纹,68
梗阻性黄疸,68
骨盆骨折,67
分离性遗忘,67
围绝经期综合征,67
开放性手外伤,67
肝内胆汁淤积症,67
先天性髋关节脱位,67
胎位异常,67
胎儿先天性畸形,67
皮脂腺异位症,66
二尖瓣狭窄,66
脚气病,66
肾小球肾炎,66
肝脾大,65
主动脉缩窄,65
脓疱疮,65
镇静催眠药中毒,65
缺血性坏死,65
浆细胞性乳腺炎,64
性兴奋障碍,64
崩漏,63
眼睑外翻,63
下颌后缩,63
食管憩室,63
高钾血症,62
先天性马蹄内翻足,62
嗅觉障碍,62
汗管瘤,62
急性尿潴留,62
继发性青光眼,62
小儿急性喉炎,61
低钙血症,61
噎膈,61
小儿癫痫,61
躯体化障碍,61
传染性软疣,61
臭汗症,61
传染性非典型肺炎,61
慢性食管炎,61
蜂窝织炎,61
组织胞浆菌病,60
炭疽,60
化脓性骨髓炎,60
流行性出血热,60
异位性皮炎,60
鼻衄,60
先天性眼球震颤,60
失语症,60
血管运动性鼻炎,60
动脉硬化,60
胸膜间皮瘤,60
精神发育迟缓,60
急性肠穿孔,60
主动脉瘤,59
盆腔结核,59
传染性红斑,59
支气管扩张症,59
肝母细胞瘤,59
带下病,58
紫癜,58
言语障碍,58
脊柱结核,58
男性乳腺癌,58
肺囊肿,58
脑垂体腺瘤,57
肺气虚,57
产褥感染,57
会厌炎,57
脱髓鞘疾病,57
脑胶质瘤,56
肛膜闭锁,56
炎性乳腺癌,56
动脉粥样硬化,56
儿童糖尿病,56
躯体形式障碍,55
牛痘,55
甲醇中毒,55
前庭大腺炎,55
肢端肥大症,55
胰腺脓肿,55
气管肿瘤,54
寄生虫感染,54
黄色瘤,54
舌乳头炎,54
急性宫颈炎,54
脊柱畸形,54
胆碱能性荨麻疹,54
压力性尿失禁,54
肠道菌群失调症,54
泄泻,54
支原体肺炎,53
睡眠呼吸暂停综合征,53
肺吸虫病,53
药物性肝病,53
先天性无子宫,53
支气管肺炎,53
肝包虫病,52
疱疹性口炎,52
胃食管反流病,52
易性癖,52
急性牙髓炎,52
肌腱炎和腱鞘炎,51
办公室综合征,51
浅静脉炎,51
男性乳房肥大症,51
单核细胞增多,51
成瘾,51
急性湿疹,51
新生儿颅内出血,51
弥漫性轴索损伤,50
间质性膀胱炎,50
勃起障碍,50
风湿性心脏病,50
多发性肌炎,50
胎儿脑积水,50
溺水,50
肺癌脑转移,50
传染性单核细胞增多症,50
淋巴管瘤,50
视网膜水肿,50
外阴癌,49
代谢性酸中毒,49
黑变病,49
喉痈,49
阴道囊肿,49
胆汁性肝硬化,49
性病性淋巴肉芽肿,49
脊髓肿瘤,49
咽囊炎,49
股骨干骨折,48
甲状腺恶性肿瘤,48
睾丸炎,48
急性附件炎,48
疮疡,47
戒毒,47
空蝶鞍综合征,47
先天性小眼球,47
颞动脉炎,47
胸腺癌,46
撞头,46
鳃裂囊肿,46
钩虫病,46
皮脂腺痣,46
潜伏梅毒,46
输卵管结核,46
肥厚性咽炎,45
睑内翻,45
三尖瓣闭锁,45
肩袖损伤,44
外耳湿疹,44
睑外翻,44
子宫癌,44
单纯性甲状腺肿,44
炎性息肉,44
烂喉痹,44
室上性心动过速,44
神经鞘瘤,43
过敏性休克,43
病原体,43
儿童腹痛,42
软骨肉瘤,42
外耳道疖,42
结节性痒疹,42
白化病,42
隐睾,42
纤维肉瘤,42
黏多糖病,42
肩胛骨骨折,41
夹层动脉瘤,41
血小板减少性紫癜,41
肝衰竭,41
巴比妥类药物中毒,41
角膜擦伤,40
药物依赖与神经精神障碍,40
心脏骤停,40
周围神经疾病,40
克山病,40
妊娠合并弓形虫病,40
多形性红斑,40
肘关节脱位,40
肺咳,40
深覆合,39
肺动脉高压,39
法洛四联症,39
自恋癖,39
尿道肉阜,39
心气虚,39
子宫收缩乏力,39
小儿感染性腹泻,39
多囊肝,39
春困,39
反应性关节炎,39
牙列拥挤,38
白塞病,38
老年性耳聋,38
小儿血管瘤,38
氯气中毒,38
胃脘痛,38
附睾炎,38
老年人心脏瓣膜病,38
白癣,37
盘状红斑狼疮,37
肾绞痛,37
皮肤猪囊尾蚴病,37
癔症性失声,37
心包囊肿,37
多发性骨髓瘤,37
侵蚀性葡萄胎,37
高镁血症,37
慢性输卵管炎,37
溢泪,36
舌扁桃体肥大,36
踝关节骨折,36
化学烧伤,36
水过多和水中毒,36
急性鼻咽炎,36
胃扭转,36
慢性子宫颈炎,36
胸痹心痛,36
细菌性角膜炎,36
阴茎弯曲,35
川崎综合征,35
咽肌痉挛,35
黑棘皮病,35
寒冷性荨麻疹,35
直肠类癌,35
外阴毛囊炎,35
急性肝衰竭,35
暑湿感冒,35
皮赘,35
金属中毒,34
结节性脂膜炎,34
水中毒,34
蝶骨嵴脑膜瘤,34
颈动脉炎,34
肌无力,34
痈,34
味觉障碍,34
吻合口溃疡,34
呼吸性碱中毒,33
结膜结石,33
睑裂斑,33
鼓膜外伤,33
巨细胞包涵体病,33
疳病,33
结膜下出血,33
结核性心包炎,33
小肠梗阻,33
结节性硬化症,33
钩端螺旋体病,32
视盘血管炎,32
恙虫病,32
门静脉高压症,32
慢性子宫内膜炎,32
银屑病关节炎,32
下丘脑疾病,31
再生障碍性贫血,31
绒毛膜癌,31
牙隐裂,31
酒精性肝病,31
皮质醇增多症,31
皮肤结核病,31
毛细血管瘤,31
副银屑病,31
文身,31
听神经鞘瘤,31
喉纤维瘤,31
反复呼吸道感染,31
不寐,31
咯血,31
处女膜闭锁,31
肝结核,31
乙醇中毒,31
大疱性表皮松解症,31
特应性皮炎,31
食管异物,30
多发性大动脉炎,30
唇癌,30
地中海贫血,30
谵妄,30
麻痹性斜视,30
广泛性焦虑障碍,30
睑板腺癌,30
老年人猝死,30
马凡氏综合症,30
湿阻,30
基底细胞癌,30
肺透明膜病,29
螨皮炎,29
人格解体,29
酒精性心肌病,29
乳糜胸,29
胰岛素瘤,29
胸主动脉瘤,29
多囊肾,29
特发性水肿,29
慢性根尖周炎,29
急性胃黏膜病变,29
胸骨骨折,29
慢性乳腺炎,29
腮腺炎,29
房颤,29
产后盆底肌肉损伤,28
视网膜新生血管,28
糖尿病神经病变,28
头皮感染,28
大肠息肉,28
急性卡他性结膜炎,28
眼肿瘤,28
臂丛神经损伤,28
萎缩性咽炎,28
肾盂肾炎,28
新生儿惊厥,27
颈椎不稳症,27
阴道发育异常,27
咽异感症,27
回归热,27
急性肾炎,27
心包积液,27
粘连性中耳炎,27
吸入性损伤,27
皮肤纤维瘤,27
腹膜间皮瘤,27
小儿遗尿,27
血液病,27
真菌性鼻窦炎,27
牙外伤,26
隐翅虫皮炎,26
功能性腹泻,26
黄体萎缩不全,26
急性泪囊炎,26
颈动脉瘤,26
肘外翻,26
乳糜泻,26
红癣,26
尿路刺激征,26
骨肉瘤,26
牙槽脓肿,26
氰化物中毒,26
化脓性汗腺炎,26
肛漏,26
慢性牙周炎,26
类鼻疽,26
胃黏膜脱垂症,26
脾囊肿,26
面神经麻痹,26
溶血性贫血,26
窦性心动过速,26
化脓性关节炎,26
品行障碍,26
慢性腮腺炎,25
赖特综合征,25
卵巢破裂,25
老年人糖尿病,25
安眠药成瘾,25
毛发上皮瘤,25
新生儿肝炎,25
出血性结肠炎,25
急性淋巴管炎,25
雷诺综合征,25
新生儿低血糖,25
偷窃癖,25
腹膜后肿瘤,24
瘦肉精中毒,24
风湿性多肌痛,24
脾功能亢进,24
牙周脓肿,24
喉结核,24
常染色体显性遗传病,24
颈椎过伸性损伤,24
卵巢炎,24
乳腺结核,24
前葡萄膜炎,24
生殖器结核,24
棘球蚴病,24
迷路炎,24
老年人抑郁症,24
窦性心律不齐,24
百日咳,23
食管瘘,23
肝肿瘤,23
红细胞增多症,23
尿道尖锐湿疣,23
黄曲霉素中毒,23
小儿惊厥,23
单纯糠疹,23
春季角结膜炎,23
咖啡牛奶斑,23
副伤寒,23
紧张性头痛,23
二尖瓣关闭不全,23
溃疡性口炎,23
耳廓假性囊肿,23
舞蹈病,23
炎症性肠病,22
神经母细胞瘤,22
巨舌症,22
尘肺,22
早产儿贫血,22
肉芽肿性唇炎,22
烧伤感染,22
共同性斜视,22
功能性便秘,22
炎性外痔,22
妊娠期高血压疾病,22
真菌性角膜溃疡,22
黄热病,22
电烧伤,22
牙瘤,22
新生儿呼吸窘迫综合征,22
蚕豆病,22
冻僵,21
阴道闭锁,21
草莓状血管瘤,21
胃肠道出血,21
肩关节脱位,21
膝关节骨性关节炎,21
男性更年期综合症,21
先天性肌性斜颈,21
痉挛性斜颈,21
呕吐物吸入,21
细菌性肝脓肿,21
疣状痣,21
高血压脑出血,21
须疮,21
缺血性结肠炎,21
霍奇金病,21
不安腿综合征,21
青少年抑郁症,21
皮角,21
阿米巴痢疾,20
肾衰竭,20
胆道蛔虫病,20
慢性病毒性肝炎,20
四季豆中毒,20
皮肤癌,20
腺病毒感染,20
职业病,20
粟丘疹,20
退行性骨关节炎,20
多形性日光疹,20
掌跖脓疱病,20
下颌骨骨折,20
结舌,20
急性腹痛,20
甲营养不良,20
氟牙症,20
继发性肺结核,20
母儿血型不合溶血病,20
肠瘘,20
腹股沟肉芽肿,20
原发性血小板增多症,20
生长痛,20
高氨血症,20
腰椎小关节紊乱,20
甲状腺结核,20
肌萎缩综合征,19
手湿疹,19
多睾症,19
会阴疝,19
子宫肉瘤,19
慢性牙髓炎,19
脂溢性角化病,19
眼球穿通伤,19
冷球蛋白血症,19
糜烂型脚气,19
尿路梗阻,19
脓毒症和菌血症,19
慢性骨髓炎,19
玻璃体疝,19
病毒性咽炎,19
苯丙酮尿症,19
卵巢恶性肿瘤,18
急性中毒,18
食管穿孔,18
产后出血,18
环形红斑,18
伤风鼻塞,18
沟纹舌,18
光泽苔藓,18
新生儿感染,18
麻痹性肠梗阻,18
夏季皮炎,18
血小板增多症,18
颌骨骨髓炎,18
间质性肺病,18
砷中毒,18
腹膜肿瘤,18
锌中毒,18
适应障碍,18
呼吸性酸中毒,18
雪盲,18
中枢性尿崩症,18
地方性克汀病,18
股疝,18
新生儿硬肿症,18
尿石症,18
共济失调性疾病,18
渐冻人,18
窦性心动过缓,18
肠扭转,17
心肌病,17
死胎,17
疱疹后神经痛,17
牙根囊肿,17
中毒性脑病,17
症瘕,17
汗腺瘤,17
须癣,17
乳头、乳晕缺失,17
糖尿病性胃轻瘫,17
儿童抑郁症,17
胃结核,17
急性呼吸衰竭,17
急性子宫内膜炎,17
肾虚腰痛,17
慢性粒细胞白血病,17
肩锁关节脱位,17
功能性腹痛,17
深静脉血栓形成,16
复发性口疮,16
大肠癌,16
帕金森症,16
坏死性小肠结肠炎,16
尿酸结石,16
疱疹性喉炎,16
颌下腺肿瘤,16
新生儿发热,16
硬脑膜外脓肿,16
睾丸结核,16
接触性唇炎,16
儿童意外伤害,16
坏疽性脓皮病,16
疖和疖病,16
大动脉瘤,16
骨软化症,16
塑身,16
皮肤囊肿,16
姜片虫病,16
原发性高血压,16
神经根型颈椎病,16
舌扁桃体炎,16
后葡萄膜炎,16
血卟啉病,16
输卵管肿瘤,16
气体中毒,16
小肠肿瘤,15
乳腺肥大症,15
蛇皮癣,15
男性慢性淋病,15
鹦鹉热,15
色素性紫癜性皮肤病,15
怔忡,15
新生儿破伤风,15
枯草热,15
肠道易激综合征,15
泌尿系畸形,15
异食癖,15
阴道横隔,15
血友病,15
扳机指,15
颈淋巴结结核,15
疱疹样皮炎,15
感染性休克,15
心包疾病,15
球孢子菌病,15
布鲁氏菌病,15
胃肠道间质瘤,15
胁痛,14
巨大肥厚性胃炎,14
进行性肌营养不良症,14
急性胃扩张,14
糖原累积症,14
骨髓增生异常综合征,14
高弓足,14
吮手指,14
克隆病,14
输尿管炎,14
性厌恶,14
菌血症,14
腱鞘巨细胞瘤,14
发作性睡病,14
甲真菌病,14
急迫性尿失禁,14
神昏,14
羊水过多,14
楔状缺损,14
神经性呕吐,14
垂体功能减退症,14
意识障碍,14
卟啉病,14
恶性肉芽肿,14
足菌肿,14
慢性肾小球肾炎,14
肾母细胞瘤,14
感染性心内膜炎,14
急性心肌梗塞,13
鼻中隔溃疡,13
放线菌病,13
尿道综合征,13
急性肾盂肾炎,13
肠憩室,13
热衰竭,13
网瘾,13
性变态,13
弥漫性外耳道炎,13
蕈样肉芽肿,13
非霍奇金淋巴瘤,13
醛固酮增多症,13
暑热感冒,13
脓疱型银屑病,13
突发性聋,13
硫化氢中毒,13
盆腔疼痛,13
膀胱损伤,13
电光性眼炎,13
妇科肿瘤,13
迷走胰,13
坏死性筋膜炎,12
急性病毒性肝炎,12
秋燥,12
小肠出血,12
异装癖,12
蛇串疮,12
剥脱性唇炎,12
乳核,12
急性腹膜炎,12
无睾症,12
涎石症,12
交感性眼炎,12
胃梅毒,12
木村病,12
乳痈,12
脑动静脉畸形,12
脊柱肿瘤,12
周围神经病变,12
代谢性碱中毒,12
外耳道异物,12
急性肠梗阻,12
锰中毒,12
阴部疱疹,12
恋童癖,12
功能性聋,12
前置胎盘,12
青少年型青光眼,12
心血管神经症,12
成骨不全,12
露阴癖,12
放射性肠炎,12
念珠菌性外阴阴道炎,12
肾小球疾病,12
孕妇痔疮,12
双颌前突,11
航空性中耳炎,11
位置性眩晕,11
附睾囊肿,11
并发性白内障,11
高钠血症,11
骨硬化病,11
囊性纤维化,11
习性障碍,11
结肠黑变病,11
软化斑,11
尿道肿瘤,11
老年高血压,11
睑黄疣,11
肌营养不良症,11
线状苔藓,11
萎缩性舌炎,11
慢性乙型肝炎,11
胃轻瘫,11
多发性神经炎,11
链球菌坏死,11
肛门失禁,11
精囊炎,11
窥阴癖,11
特发性肺纤维化,11
急性乳突炎,11
噬血细胞综合征,11
神经胶质瘤,11
疱疹性角膜结膜炎,10
老年人鼻出血,10
重症肺炎,10
尿道粘膜脱垂,10
骨髓瘤,10
新生儿休克,10
妊娠性痒疹,10
产道异常,10
手足徐动症,10
生殖器疣,10
森林脑炎,10
痹证,10
横纹肌溶解症,10
毛舌,10
脂代谢紊乱,10
星形细胞瘤,10
精囊囊肿,10
肝错构瘤,10
黑热病,10
外阴脂肪瘤,10
眼睑湿疹,10
耳源性脑脓肿,10
细菌性食物中毒,10
木薯中毒,10
尿道狭窄,10
腹腔脓肿,10
腰椎不稳,10
肝外胆管结石,10
胸壁肿瘤,10
分离性神游,10
氮气中毒,9
马钱子中毒,9
尿瘘,9
胆心综合征,9
眶皮样囊肿,9
低蛋白血症,9
小肠癌,9
前列腺肉瘤,9
睾丸癌,9
胫骨结节骨软骨炎,9
眶底骨折,9
经前期综合征,9
催乳素瘤,9
杨梅疮,9
急性呼吸窘迫综合征,9
难产,9
胰岛细胞增生,9
甲亢性心脏病,9
伤食泄泻,9
急性根尖周炎,9
横纹肌肉瘤,9
急性一氧化碳中毒,9
酒精性脂肪肝,9
化疗相关性腹泻,9
慢性卡他性结膜炎,9
卵巢性闭经,9
硬脊膜外脓肿,9
葡萄胎,9
尿道上裂,9
输卵管癌,9
慢性肾衰竭,9
牙折,9
皮质盲,9
鼻咽大出血,9
异位性湿疹,8
半乳糖血症,8
憩室炎,8
亚急性湿疹,8
肺不张,8
嗜铬细胞瘤,8
红皮病,8
新生儿呕吐,8
机械性肠梗阻,8
初乳,8
流行性脑脊髓膜炎,8
隐斜视,8
新生儿乙型肝炎,8
断肢再植,8
慢性淋巴细胞白血病,8
急性脓胸,8
结核性膀胱挛缩,8
病毒性皮肤病,8
腹股沟直疝,8
转移性肝癌,8
重瞳,8
再发性腹痛,8
老年肺气肿,8
大于胎龄儿,8
病毒性咽峡炎,8
圆翳内障,8
老年性痴呆,8
鼠咬热,8
悬雍垂过长症,8
胃损伤,8
细菌性脑膜炎,8
放射性直肠炎,8
病毒性喉炎,8
脾脓肿,8
子宫异常出血,8
少汗症,8
毛癣,8
旋毛虫病,8
脓性指头炎,8
血管性血友病,8
肾小管性酸中毒,8
斑驳病,8
中毒性红斑,8
多发性脂囊瘤,8
充血性心力衰竭,7
牙骨质瘤,7
胆红素脑病,7
三尖瓣关闭不全,7
大咯血,7
新生儿脐炎,7
急性肾小球肾炎,7
颞叶癫痫,7
粪类圆线虫病,7
病毒性肺炎,7
老年皮肤瘙痒症,7
膀胱阴道瘘,7
血友病乙,7
产前检查复查,7
女性尿瘘,7
慢性胆管炎,7
根尖周病,7
铊中毒,7
羊水过少,7
阴茎癌,7
假性淋巴瘤,7
膜性肾病,7
足畸形,7
痛风性关节炎,7
慢性肾盂肾炎,7
反流性胆管炎,7
颅缝早闭症,7
妊娠合并贫血,7
慢性腹痛,7
酒精依赖,7
氨气中毒,7
恋尸癖,7
白线疝,7
肺间质纤维化,7
涎瘘,7
出血性休克,7
青少年牙周炎,7
急性肝炎,7
紫癜性肾炎,7
鳞屑性睑缘炎,7
酸蚀症,7
热带口炎性腹泻,7
肾盂积水,7
冬季瘙痒症,7
倾倒综合征,7
返祖现象,7
扁桃体恶性肿瘤,7
阴茎硬结症,7
老年人退行性骨关节病,7
胃泌素瘤,7
老年肺癌,6
胃痞,6
张力性气胸,6
现代病,6
筋痹,6
脑卒中,6
儿童性虐待,6
缺血性脑卒中,6
氧中毒,6
周期性瘫痪,6
阿斯伯格综合症,6
产瘤,6
风痒,6
婴幼儿阴道炎,6
血友病甲,6
颞下颌关节脱位,6
药物性牙龈增生,6
胸膜肿瘤,6
癔球,6
喉梅毒,6
狼疮性肾炎,6
睾丸肿瘤,6
缺血性中风,6
乳腺湿疹,6
霍奇金淋巴瘤,6
口底癌,6
脊髓裂,6
慢性化脓性骨髓炎,6
脑转移瘤,6
急性风湿热,6
眼睑缺损,6
十二指肠壅积症,6
急性细菌性痢疾,6
精子动力异常,6
急性胆管炎,6
顽痹,6
阴茎异常勃起,6
梨状肌综合征,6
小儿中毒,6
缺血性肠病,6
流行性斑疹伤寒,6
遗传性共济失调,6
脊柱脱位,6
腓骨肌萎缩症,6
视网膜渗出,6
角膜瘢痕,6
牙列稀疏,6
盆底疝,6
臂丛神经痛,6
白H,6
脚湿气,6
心源性休克,5
登革出血热,5
急性心功能不全,5
真菌性肺炎,5
性瘾,5
结直肠癌,5
肾气不固,5
瑞尔黑变病,5
皮肤松垂,5
妊娠期肝内胆汁淤积症,5
金疮,5
血管性痴呆,5
莱姆病,5
先天性风疹,5
非细菌性前列腺炎,5
氟骨症,5
聚星障,5
心房纤颤,5
系统性硬化病,5
甲状腺未分化癌,5
神经鞘膜瘤,5
前列腺囊肿,5
稳定型心绞痛,5
吸入剂滥用,5
腭咽闭合不全,5
高原病,5
念珠菌性食管炎,5
牙体缺损,5
湿热痢,5
周围神经损伤,5
脊柱损伤,5
隐孢子虫病,5
脊索瘤,5
消化道畸形,5
早产儿视网膜病,5
多基因遗传病,5
骨髓纤维化,5
病毒性胃肠炎,5
拔毛癖,5
儿童艾滋病,5
儿童癔症,5
弹响肩,5
老年期抑郁症,5
视盘炎,5
老年肺结核,5
神经内分泌肿瘤,5
甲状腺危象,5
恶性黑素瘤,5
苦夏,5
追星成瘾,5
不稳定性心绞痛,5
腕舟骨骨折,5
胃溃疡恶变,4
外阴肿瘤,4
腹外疝,4
自缢,4
鞍鼻,4
非特异性外阴炎,4
老年人痛风,4
耳源性脑膜炎,4
肾发育不全,4
溶血尿毒综合征,4
附睾结核,4
月经疹,4
口腔毛滴虫病,4
老年肺炎,4
肾细胞癌,4
肌病,4
先天性佝偻病,4
职业枯竭,4
儿童焦虑症,4
结缔组织痣,4
乡愁综合症,4
肛门感染,4
老年肾动脉硬化,4
光敏性皮炎,4
阻塞性肺气肿,4
急性酒中毒,4
睾丸扭转,4
胆道出血,4
老年肠梗阻,4
跟骨骨髓炎,4
子宫破裂,4
低镁血症,4
慢性心力衰竭,4
吸入性肺炎,4
皮肤炭疽,4
高渗性脱水,4
肌阵挛,4
红斑性肢痛症,4
会阴裂伤,4
动脉硬化性闭塞症,4
症状性癫痫,4
毛发红糠疹,4
缺血性肠炎,4
恶性营养不良病,4
血色病,4
恶性高血压,4
绞窄性肠梗阻,4
尿道损伤,4
乳腺粘液腺癌,4
马方综合征,4
老年人神经症,4
痰热咳嗽,4
泻泄,4
心脏肿瘤,4
单纯性紫癜,4
胎膜早破,4
流行性角膜炎,4
色素失禁症,4
眼睑肿瘤,4
千日疮,4
肾下垂,4
蛲虫感染,4
环状肉芽肿,4
毒鼠强中毒,4
放射性肺炎,4
房性心动过速,4
奎宁中毒,4
肩部骨折,3
气压性中耳炎,3
嗜酸性胃肠炎,3
地方性斑疹伤寒,3
慢性牙髓炎急性发作,3
过期产儿,3
真菌性角膜炎,3
小儿泌尿系感染,3
皮肤行为症,3
咳嗽性哮喘,3
寻常狼疮,3
尾痛症,3
放射性白内障,3
溃疡病急性穿孔,3
舌舔皮炎,3
贾第虫病,3
婴儿猝死综合征,3
妊娠脂肪肝,3
卵巢良性肿瘤,3
复杂先心病,3
肌萎缩侧索硬化症,3
颅裂,3
肛门皲裂,3
慢性附睾炎,3
外阴前庭炎,3
隐性乳腺癌,3
阴囊象皮肿,3
老年肥胖症,3
电视迷,3
暴痢,3
萎缩性瘢痕,3
毛细支气管炎,3
矽肺,3
黑素瘤,3
变性性近视,3
新生儿脐疝,3
荨麻疹性血管炎,3
失认症,3
急性纵隔炎,3
线粒体肌病,3
戈谢病,3
生殖器念珠菌病,3
男性假两性畸形,3
真两性畸形,3
书写痉挛,3
儿童恐惧症,3
燥邪犯肺,3
湿痹,3
老年人贫血,3
垂体性闭经,3
男性性功能减退,3
老年性眩晕,3
蠕形螨病,3
微孔处女膜,3
耳部肿瘤,3
烟酸缺乏病,3
胎儿生长受限,3
睾丸损伤,3
嗜酸粒细胞增多,3
痉挛性脑瘫,3
慢性脓胸,3
细菌性肺炎,3
弥漫性血管内凝血,3
出血性中风,3
脊柱压缩性骨折,3
老视,3
限制型心肌病,3
睾丸功能障碍,3
间皮瘤,3
鞭虫病,2
急性前列腺炎,2
学校恐怖症,2
窦性停搏,2
瘿,2
丁型病毒性肝炎,2
聋哑症,2
胃心综合征,2
神经性畏食,2
家族性直立性低血压,2
新生儿疱疹,2
急性间质性肺炎,2
大骨节病,2
高山病,2
急性淋巴细胞白血病,2
黄癣,2
口腔黏膜下纤维性变,2
化脓性腱鞘炎,2
急性白血病,2
女性假两性畸形,2
非毒性甲状腺肿,2
瘾疹,2
拇指缺损,2
剥脱性角质松解症,2
肾肉瘤,2
斯德哥尔摩综合征,2
目病,2
急性失血性贫血,2
单基因遗传病,2
低氧血症,2
僵人综合征,2
前列腺痛,2
真菌性食物中毒,2
急性附睾炎,2
玻璃膜疣,2
妊娠剧吐,2
急性肠套叠,2
贝尔面瘫,2
噪声性聋,2
包涵体肌炎,2
成人斯蒂尔病,2
腰疝,2
小儿急性中毒,2
青盲,2
阴茎包皮嵌顿,2
卡波西肉瘤,2
脓癣,2
高血压危象,2
新生儿湿肺,2
结膜结核病,2
老年胃癌,2
急性化脓性骨髓炎,2
慢性阿米巴痢疾,2
儿童神经症,2
生殖细胞肿瘤,2
纵膈感染,2
懒惰白细胞综合征,2
异位妊娠,2
乳晕炎,2
粟粒疹,2
肾性糖尿,2
骨髓坏死,2
缩窄性心包炎,2
酒依赖,2
正己烷中毒,2
三氯乙烯中毒,2
白屑风,2
心肌疾病,2
急性上呼吸道感染,2
肥胖性水肿,2
离别焦虑症,2
肛周毛囊炎,2
黑癣,2
急性化脓性胃炎,2
单纯疱疹病毒性脑炎,2
椎间盘炎,2
泌尿系结核,2
妊娠合并梅毒,2
外伤性乳糜胸,2
经前期水肿,2
窦性心律失常,2
先兆子痫和子痫,2
大叶性肺炎,2
类白血病反应,2
日晒疮,2
肺气压伤,2
胸膜疾病,2
接触性荨麻疹,2
耳疾病,2
屏气发作,2
慢性阻塞性肺气肿,2
卡氏肺囊虫肺炎,1
前庭神经元炎,1
急性前葡萄膜炎,1
不动纤毛综合征,1
跖痛症,1
早产儿呼吸暂停,1
静脉曲张性湿疹,1
糖尿病性便秘,1
心脏肉瘤,1
皮肤淋巴细胞浸润症,1
龈乳头炎,1
鲍温病,1
慢性纵隔炎,1
衣原体肺炎,1
肠病性肢端皮炎,1
肾血管平滑肌脂肪瘤,1
肌萎缩性侧索硬化,1
继发性腹膜炎,1
阴道癌,1
毛虫皮炎,1
阴茎折断,1
营养不足,1
急性血源性骨髓炎,1
咽喉疾病,1
尿道结核,1
老年大肠癌,1
血管迷走性晕厥,1
暴泻,1
咽结膜热,1
输卵管妊娠,1
坏疽性口炎,1
癌性疼痛,1
肾腺瘤,1
胆石病,1
腹型过敏性紫癜,1
急性腺样体炎,1
晚期产后出血,1
脊髓小脑性共济失调,1
妊娠急性脂肪肝,1
慢性肺源性心脏病,1
胎儿宫内发育迟缓,1
坏血病,1
减压病,1
慢传输型便秘,1
农民肺,1
髓质海绵肾,1
角膜老年环,1
回乳,1
胃肉瘤,1
兔热病,1
肾上腺囊肿,1
额叶癫痫,1
肌强直性肌病,1
慢性阻塞性肺病,1
腭癌,1
阴道壁膨出,1
压力上瘾症,1
食管贲门失弛缓症,1
雀斑,1
干眼病,1
老年人肺炎,1
老年性紫癜,1
哮病,1
肾综合征出血热,1
溃疡性睑缘炎,1
原发性骨质疏松,1
先天性脊柱侧凸,1
变异型心绞痛,1
胎盘早剥,1
男性型秃发,1
阳强,1
凝脂翳,1
尿酸性肾病,1
钱币状皮炎,1
肾动脉狭窄,1
儿童恐怖症,1
外睑腺炎,1
乳蛾,1
脾脏肿瘤,1
暴发性痤疮,1
血清病性荨麻疹,1
网络游戏瘾,1
军团菌肺炎,1
恋兽癖,1
血清病,1
热性惊厥,1
职业性皮肤病,1
慢性细菌性痢疾,1
急性播散性脑脊髓炎,1
胎儿宫内窘迫,1
平山病,1
盘尾丝虫病,1
小于胎龄儿,1
匐行疹,1
单纯性牙周炎,1
多胎妊娠,1
巨幼细胞贫血,1
面肌抽搐,1
颈心综合征,1
枕叶癫痫,1
不洁性龈炎,1
痉挛性直肠痛,1
儿童顿咳,1
咽结膜炎,1
婴幼儿外阴炎,1
韦格纳肉芽肿,1
性暴力出血,1
呆小病,1
毛霉菌病,1
精囊肿瘤,1
神经源性肿瘤,1
